Workbook

Sheet Cover
B2: Risk Assessment & Risk and Control Matrix
B3: Transaction-Level SoD & Fraud Risk Testing
B5: Entity | C5: Haneul Freight & Logistics (fictional)
B6: Audit period | C6: 2026-01-02 to 2026-03-31 (Q1 2026)
B7: Scope | C7: Claims, delivery exceptions, inventory adjustments, shipment status data, claim-related system configuration
B8: Frameworks | C8: COSO 2013 Internal Control – Principles 8, 10, 11, 13, 16
B9: Data | C9: Synthetic SQLite database (haneul_logistics_audit.db). No real company data.
B10: Test queries | C10: queries.sql (T1–T10)
B11: Prepared by | C11: Minji Kim
B13: Rating thresholds (score = likelihood × impact)
B14: High if score ≥ | C14: 15 | D14: Referenced by all rating formulas. Change here to re-rate every risk.
B15: Medium if score ≥ | C15: 8 | D15: Scores below this threshold are Low.
B17: Likelihood scale
B18: 1 | C18: Rare – not expected in the audit period
B19: 2 | C19: Unlikely – could occur, no indicators
B20: 3 | C20: Possible – control weakness allows it; isolated indicators
B21: 4 | C21: Likely – control weakness exploited or repeated indicators
B22: 5 | C22: Almost certain – pattern observed across the period
B24: Impact scale (quarterly, KRW)
B25: 1 | C25: Minimal – under 500,000 or no financial effect
B26: 2 | C26: Minor – 500,000 to 2,000,000, or internal reporting error
B27: 3 | C27: Moderate – 2,000,000 to 5,000,000, or external reporting / customer impact
B28: 4 | C28: Major – 5,000,000 to 15,000,000
B29: 5 | C29: Severe – over 15,000,000, or control environment compromised
B31: Legend
B32: Blue text | C32: Auditor judgement or value taken from query results (input)
B33: Black text | C33: Formula
B34: Green text | C34: Formula pulling from another sheet

Sheet Risk Assessment
F1: Inherent risk | K1: Residual risk (current) | O1: Target residual (after remediation)
A2: Risk ID | B2: Process | C2: Risk description | D2: Fraud risk | E2: COSO | F2: Likelihood | G2: Impact | H2: Score | I2: Rating | J2: Primary control | K2: Likelihood | L2: Impact | M2: Score | N2: Rating | O2: Likelihood | P2: Impact | Q2: Score | R2: Rating | S2: Control test result | T2: Basis for residual rating
A3: R-01 | B3: Claims | C3: Fictitious loss or damage claim recorded and approved by the same person | D3: Y | E3: P8, P10 | F3: 4 | G3: 5 | H3: =F3*G3 -> 20 | I3: =IF(H3>=Cover!$C$14,"High",IF(H3>=Cover!$C$15,"Medium","Low")) -> High | J3: C-01 | K3: 4 | L3: 5 | M3: =K3*L3 -> 20 | N3: =IF(M3>=Cover!$C$14,"High",IF(M3>=Cover!$C$15,"Medium","Low")) -> High | O3: 2 | P3: 3 | Q3: =O3*P3 -> 6 | R3: =IF(Q3>=Cover!$C$14,"High",IF(Q3>=Cover!$C$15,"Medium","Low")) -> Low | S3: =INDEX(RCM!$O$2:$O$11,MATCH(J3,RCM!$A$2:$A$11,0)) -> Ineffective | T3: 14 claims (11.7M KRW) recorded, closed and approved by one coordinator. Pattern across full quarter.
A4: R-02 | B4: Claims | C4: Approval limit circumvented by setting claim amounts just below the limit | D4: Y | E4: P8, P10 | F4: 3 | G4: 4 | H4: =F4*G4 -> 12 | I4: =IF(H4>=Cover!$C$14,"High",IF(H4>=Cover!$C$15,"Medium","Low")) -> Medium | J4: C-02 | K4: 4 | L4: 4 | M4: =K4*L4 -> 16 | N4: =IF(M4>=Cover!$C$14,"High",IF(M4>=Cover!$C$15,"Medium","Low")) -> High | O4: 2 | P4: 3 | Q4: =O4*P4 -> 6 | R4: =IF(Q4>=Cover!$C$14,"High",IF(Q4>=Cover!$C$15,"Medium","Low")) -> Low | S4: =INDEX(RCM!$O$2:$O$11,MATCH(J4,RCM!$A$2:$A$11,0)) -> Ineffective | T4: 40.9% of one approver's approvals sit near the limit; pattern followed the limit change.
A5: R-03 | B5: Claims | C5: Duplicate claim paid for the same shipment | D5: Y | E5: P10 | F5: 3 | G5: 3 | H5: =F5*G5 -> 9 | I5: =IF(H5>=Cover!$C$14,"High",IF(H5>=Cover!$C$15,"Medium","Low")) -> Medium | J5: C-03 | K5: 3 | L5: 3 | M5: =K5*L5 -> 9 | N5: =IF(M5>=Cover!$C$14,"High",IF(M5>=Cover!$C$15,"Medium","Low")) -> Medium | O5: 1 | P5: 2 | Q5: =O5*P5 -> 2 | R5: =IF(Q5>=Cover!$C$14,"High",IF(Q5>=Cover!$C$15,"Medium","Low")) -> Low | S5: =INDEX(RCM!$O$2:$O$11,MATCH(J5,RCM!$A$2:$A$11,0)) -> Ineffective | T5: Control worked when the manager approved; failed twice when a coordinator approved.
A6: R-04 | B6: Claims | C6: LOST claim paid for a shipment that was delivered | D6: Y | E6: P10 | F6: 3 | G6: 4 | H6: =F6*G6 -> 12 | I6: =IF(H6>=Cover!$C$14,"High",IF(H6>=Cover!$C$15,"Medium","Low")) -> Medium | J6: C-04 | K6: 3 | L6: 4 | M6: =K6*L6 -> 12 | N6: =IF(M6>=Cover!$C$14,"High",IF(M6>=Cover!$C$15,"Medium","Low")) -> Medium | O6: 1 | P6: 3 | Q6: =O6*P6 -> 3 | R6: =IF(Q6>=Cover!$C$14,"High",IF(Q6>=Cover!$C$15,"Medium","Low")) -> Low | S6: =INDEX(RCM!$O$2:$O$11,MATCH(J6,RCM!$A$2:$A$11,0)) -> Ineffective | T6: 4 claims (2.3M KRW) on delivered shipments.
A7: R-05 | B7: Exceptions | C7: LOST/DAMAGED exception closed without independent review | D7: Y | E7: P10 | F7: 4 | G7: 3 | H7: =F7*G7 -> 12 | I7: =IF(H7>=Cover!$C$14,"High",IF(H7>=Cover!$C$15,"Medium","Low")) -> Medium | J7: C-05 | K7: 4 | L7: 3 | M7: =K7*L7 -> 12 | N7: =IF(M7>=Cover!$C$14,"High",IF(M7>=Cover!$C$15,"Medium","Low")) -> Medium | O7: 2 | P7: 2 | Q7: =O7*P7 -> 4 | R7: =IF(Q7>=Cover!$C$14,"High",IF(Q7>=Cover!$C$15,"Medium","Low")) -> Low | S7: =INDEX(RCM!$O$2:$O$11,MATCH(J7,RCM!$A$2:$A$11,0)) -> Ineffective | T7: 11 high-risk exceptions self-closed within 24h.
A8: R-06 | B8: Inventory | C8: Inventory write-offs posted without independent approval, concealing loss or theft | D8: Y | E8: P8, P10 | F8: 3 | G8: 5 | H8: =F8*G8 -> 15 | I8: =IF(H8>=Cover!$C$14,"High",IF(H8>=Cover!$C$15,"Medium","Low")) -> High | J8: C-06 | K8: 4 | L8: 5 | M8: =K8*L8 -> 20 | N8: =IF(M8>=Cover!$C$14,"High",IF(M8>=Cover!$C$15,"Medium","Low")) -> High | O8: 2 | P8: 4 | Q8: =O8*P8 -> 8 | R8: =IF(Q8>=Cover!$C$14,"High",IF(Q8>=Cover!$C$15,"Medium","Low")) -> Medium | S8: =INDEX(RCM!$O$2:$O$11,MATCH(J8,RCM!$A$2:$A$11,0)) -> Ineffective | T8: 11 adjustments (29.5M KRW), all involving the Warehouse Lead.
A9: R-07 | B9: Shipment data | C9: Shipment status changed outside normal hours and oversight | D9: Y | E9: P10, P16 | F9: 3 | G9: 3 | H9: =F9*G9 -> 9 | I9: =IF(H9>=Cover!$C$14,"High",IF(H9>=Cover!$C$15,"Medium","Low")) -> Medium | J9: C-07 | K9: 3 | L9: 3 | M9: =K9*L9 -> 9 | N9: =IF(M9>=Cover!$C$14,"High",IF(M9>=Cover!$C$15,"Medium","Low")) -> Medium | O9: 2 | P9: 2 | Q9: =O9*P9 -> 4 | R9: =IF(Q9>=Cover!$C$14,"High",IF(Q9>=Cover!$C$15,"Medium","Low")) -> Low | S9: =INDEX(RCM!$O$2:$O$11,MATCH(J9,RCM!$A$2:$A$11,0)) -> Control gap | T9: No monitoring control exists. 5 after-hours LOST changes.
A10: R-08 | B10: Reporting | C10: Delivery performance overstated by marking shipments delivered without proof | D10: N | E10: P13 | F10: 3 | G10: 3 | H10: =F10*G10 -> 9 | I10: =IF(H10>=Cover!$C$14,"High",IF(H10>=Cover!$C$15,"Medium","Low")) -> Medium | J10: C-08 | K10: 4 | L10: 3 | M10: =K10*L10 -> 12 | N10: =IF(M10>=Cover!$C$14,"High",IF(M10>=Cover!$C$15,"Medium","Low")) -> Medium | O10: 1 | P10: 2 | Q10: =O10*P10 -> 2 | R10: =IF(Q10>=Cover!$C$14,"High",IF(Q10>=Cover!$C$15,"Medium","Low")) -> Low | S10: =INDEX(RCM!$O$2:$O$11,MATCH(J10,RCM!$A$2:$A$11,0)) -> Ineffective | T10: 28 bulk DELIVERED updates without POD at quarter end.
A11: R-09 | B11: IT / configuration | C11: Unauthorized configuration change disables a business process control | D11: Y | E11: P11 | F11: 3 | G11: 5 | H11: =F11*G11 -> 15 | I11: =IF(H11>=Cover!$C$14,"High",IF(H11>=Cover!$C$15,"Medium","Low")) -> High | J11: C-09 | K11: 3 | L11: 5 | M11: =K11*L11 -> 15 | N11: =IF(M11>=Cover!$C$14,"High",IF(M11>=Cover!$C$15,"Medium","Low")) -> High | O11: 1 | P11: 4 | Q11: =O11*P11 -> 4 | R11: =IF(Q11>=Cover!$C$14,"High",IF(Q11>=Cover!$C$15,"Medium","Low")) -> Low | S11: =INDEX(RCM!$O$2:$O$11,MATCH(J11,RCM!$A$2:$A$11,0)) -> Ineffective | T11: Limit raised 4x without ticket for 34 days; 8.1M KRW approved above authority.
A12: R-10 | B12: Master data | C12: Customer created by staff who also process claims for that customer | D12: Y | E12: P8, P10 | F12: 2 | G12: 4 | H12: =F12*G12 -> 8 | I12: =IF(H12>=Cover!$C$14,"High",IF(H12>=Cover!$C$15,"Medium","Low")) -> Medium | J12: C-10 | K12: 3 | L12: 4 | M12: =K12*L12 -> 12 | N12: =IF(M12>=Cover!$C$14,"High",IF(M12>=Cover!$C$15,"Medium","Low")) -> Medium | O12: 1 | P12: 3 | Q12: =O12*P12 -> 3 | R12: =IF(Q12>=Cover!$C$14,"High",IF(Q12>=Cover!$C$15,"Medium","Low")) -> Low | S12: =INDEX(RCM!$O$2:$O$11,MATCH(J12,RCM!$A$2:$A$11,0)) -> Ineffective | T12: Flagged customer onboarded by the approving coordinator after hours.
A14: Residual (current) reflects control test results: where the primary control is ineffective, residual risk stays at or above inherent risk. Target residual assumes the recommended controls in the audit report are implemented.
A16: Risk count by rating
B17: Rating | C17: Inherent | D17: Residual | E17: Target
B18: High | C18: =COUNTIF(I$3:I$12,$B18) -> 3 | D18: =COUNTIF(N$3:N$12,$B18) -> 4 | E18: =COUNTIF(R$3:R$12,$B18) -> 0
B19: Medium | C19: =COUNTIF(I$3:I$12,$B19) -> 7 | D19: =COUNTIF(N$3:N$12,$B19) -> 6 | E19: =COUNTIF(R$3:R$12,$B19) -> 1
B20: Low | C20: =COUNTIF(I$3:I$12,$B20) -> 0 | D20: =COUNTIF(N$3:N$12,$B20) -> 0 | E20: =COUNTIF(R$3:R$12,$B20) -> 9

Sheet Heat Map
B2: Risk heat maps – number of risks per cell
B4: Inherent risk | H4: Residual risk (current)
B5: Likelihood ↓ / Impact → | C5: 1 | D5: 2 | E5: 3 | F5: 4 | G5: 5 | H5: Likelihood ↓ / Impact → | I5: 1 | J5: 2 | K5: 3 | L5: 4 | M5: 5
B6: 5 | C6: =COUNTIFS('Risk Assessment'!$F$3:$F$12,5,'Risk Assessment'!$G$3:$G$12,1) -> 0 | D6: =COUNTIFS('Risk Assessment'!$F$3:$F$12,5,'Risk Assessment'!$G$3:$G$12,2) -> 0 | E6: =COUNTIFS('Risk Assessment'!$F$3:$F$12,5,'Risk Assessment'!$G$3:$G$12,3) -> 0 | F6: =COUNTIFS('Risk Assessment'!$F$3:$F$12,5,'Risk Assessment'!$G$3:$G$12,4) -> 0 | G6: =COUNTIFS('Risk Assessment'!$F$3:$F$12,5,'Risk Assessment'!$G$3:$G$12,5) -> 0 | H6: 5 | I6: =COUNTIFS('Risk Assessment'!$K$3:$K$12,5,'Risk Assessment'!$L$3:$L$12,1) -> 0 | J6: =COUNTIFS('Risk Assessment'!$K$3:$K$12,5,'Risk Assessment'!$L$3:$L$12,2) -> 0 | K6: =COUNTIFS('Risk Assessment'!$K$3:$K$12,5,'Risk Assessment'!$L$3:$L$12,3) -> 0 | L6: =COUNTIFS('Risk Assessment'!$K$3:$K$12,5,'Risk Assessment'!$L$3:$L$12,4) -> 0 | M6: =COUNTIFS('Risk Assessment'!$K$3:$K$12,5,'Risk Assessment'!$L$3:$L$12,5) -> 0
B7: 4 | C7: =COUNTIFS('Risk Assessment'!$F$3:$F$12,4,'Risk Assessment'!$G$3:$G$12,1) -> 0 | D7: =COUNTIFS('Risk Assessment'!$F$3:$F$12,4,'Risk Assessment'!$G$3:$G$12,2) -> 0 | E7: =COUNTIFS('Risk Assessment'!$F$3:$F$12,4,'Risk Assessment'!$G$3:$G$12,3) -> 1 | F7: =COUNTIFS('Risk Assessment'!$F$3:$F$12,4,'Risk Assessment'!$G$3:$G$12,4) -> 0 | G7: =COUNTIFS('Risk Assessment'!$F$3:$F$12,4,'Risk Assessment'!$G$3:$G$12,5) -> 1 | H7: 4 | I7: =COUNTIFS('Risk Assessment'!$K$3:$K$12,4,'Risk Assessment'!$L$3:$L$12,1) -> 0 | J7: =COUNTIFS('Risk Assessment'!$K$3:$K$12,4,'Risk Assessment'!$L$3:$L$12,2) -> 0 | K7: =COUNTIFS('Risk Assessment'!$K$3:$K$12,4,'Risk Assessment'!$L$3:$L$12,3) -> 2 | L7: =COUNTIFS('Risk Assessment'!$K$3:$K$12,4,'Risk Assessment'!$L$3:$L$12,4) -> 1 | M7: =COUNTIFS('Risk Assessment'!$K$3:$K$12,4,'Risk Assessment'!$L$3:$L$12,5) -> 2
B8: 3 | C8: =COUNTIFS('Risk Assessment'!$F$3:$F$12,3,'Risk Assessment'!$G$3:$G$12,1) -> 0 | D8: =COUNTIFS('Risk Assessment'!$F$3:$F$12,3,'Risk Assessment'!$G$3:$G$12,2) -> 0 | E8: =COUNTIFS('Risk Assessment'!$F$3:$F$12,3,'Risk Assessment'!$G$3:$G$12,3) -> 3 | F8: =COUNTIFS('Risk Assessment'!$F$3:$F$12,3,'Risk Assessment'!$G$3:$G$12,4) -> 2 | G8: =COUNTIFS('Risk Assessment'!$F$3:$F$12,3,'Risk Assessment'!$G$3:$G$12,5) -> 2 | H8: 3 | I8: =COUNTIFS('Risk Assessment'!$K$3:$K$12,3,'Risk Assessment'!$L$3:$L$12,1) -> 0 | J8: =COUNTIFS('Risk Assessment'!$K$3:$K$12,3,'Risk Assessment'!$L$3:$L$12,2) -> 0 | K8: =COUNTIFS('Risk Assessment'!$K$3:$K$12,3,'Risk Assessment'!$L$3:$L$12,3) -> 2 | L8: =COUNTIFS('Risk Assessment'!$K$3:$K$12,3,'Risk Assessment'!$L$3:$L$12,4) -> 2 | M8: =COUNTIFS('Risk Assessment'!$K$3:$K$12,3,'Risk Assessment'!$L$3:$L$12,5) -> 1
B9: 2 | C9: =COUNTIFS('Risk Assessment'!$F$3:$F$12,2,'Risk Assessment'!$G$3:$G$12,1) -> 0 | D9: =COUNTIFS('Risk Assessment'!$F$3:$F$12,2,'Risk Assessment'!$G$3:$G$12,2) -> 0 | E9: =COUNTIFS('Risk Assessment'!$F$3:$F$12,2,'Risk Assessment'!$G$3:$G$12,3) -> 0 | F9: =COUNTIFS('Risk Assessment'!$F$3:$F$12,2,'Risk Assessment'!$G$3:$G$12,4) -> 1 | G9: =COUNTIFS('Risk Assessment'!$F$3:$F$12,2,'Risk Assessment'!$G$3:$G$12,5) -> 0 | H9: 2 | I9: =COUNTIFS('Risk Assessment'!$K$3:$K$12,2,'Risk Assessment'!$L$3:$L$12,1) -> 0 | J9: =COUNTIFS('Risk Assessment'!$K$3:$K$12,2,'Risk Assessment'!$L$3:$L$12,2) -> 0 | K9: =COUNTIFS('Risk Assessment'!$K$3:$K$12,2,'Risk Assessment'!$L$3:$L$12,3) -> 0 | L9: =COUNTIFS('Risk Assessment'!$K$3:$K$12,2,'Risk Assessment'!$L$3:$L$12,4) -> 0 | M9: =COUNTIFS('Risk Assessment'!$K$3:$K$12,2,'Risk Assessment'!$L$3:$L$12,5) -> 0
B10: 1 | C10: =COUNTIFS('Risk Assessment'!$F$3:$F$12,1,'Risk Assessment'!$G$3:$G$12,1) -> 0 | D10: =COUNTIFS('Risk Assessment'!$F$3:$F$12,1,'Risk Assessment'!$G$3:$G$12,2) -> 0 | E10: =COUNTIFS('Risk Assessment'!$F$3:$F$12,1,'Risk Assessment'!$G$3:$G$12,3) -> 0 | F10: =COUNTIFS('Risk Assessment'!$F$3:$F$12,1,'Risk Assessment'!$G$3:$G$12,4) -> 0 | G10: =COUNTIFS('Risk Assessment'!$F$3:$F$12,1,'Risk Assessment'!$G$3:$G$12,5) -> 0 | H10: 1 | I10: =COUNTIFS('Risk Assessment'!$K$3:$K$12,1,'Risk Assessment'!$L$3:$L$12,1) -> 0 | J10: =COUNTIFS('Risk Assessment'!$K$3:$K$12,1,'Risk Assessment'!$L$3:$L$12,2) -> 0 | K10: =COUNTIFS('Risk Assessment'!$K$3:$K$12,1,'Risk Assessment'!$L$3:$L$12,3) -> 0 | L10: =COUNTIFS('Risk Assessment'!$K$3:$K$12,1,'Risk Assessment'!$L$3:$L$12,4) -> 0 | M10: =COUNTIFS('Risk Assessment'!$K$3:$K$12,1,'Risk Assessment'!$L$3:$L$12,5) -> 0
B13: Target residual (after remediation)
B14: Likelihood ↓ / Impact → | C14: 1 | D14: 2 | E14: 3 | F14: 4 | G14: 5 | H14: Cell colours follow the rating thresholds on the Cover sheet (High ≥ 15, Medium ≥ 8). Empty cells = no risks.
B15: 5 | C15: =COUNTIFS('Risk Assessment'!$O$3:$O$12,5,'Risk Assessment'!$P$3:$P$12,1) -> 0 | D15: =COUNTIFS('Risk Assessment'!$O$3:$O$12,5,'Risk Assessment'!$P$3:$P$12,2) -> 0 | E15: =COUNTIFS('Risk Assessment'!$O$3:$O$12,5,'Risk Assessment'!$P$3:$P$12,3) -> 0 | F15: =COUNTIFS('Risk Assessment'!$O$3:$O$12,5,'Risk Assessment'!$P$3:$P$12,4) -> 0 | G15: =COUNTIFS('Risk Assessment'!$O$3:$O$12,5,'Risk Assessment'!$P$3:$P$12,5) -> 0 | H15: Most risks move right or up from inherent to current residual because key controls failed testing.
B16: 4 | C16: =COUNTIFS('Risk Assessment'!$O$3:$O$12,4,'Risk Assessment'!$P$3:$P$12,1) -> 0 | D16: =COUNTIFS('Risk Assessment'!$O$3:$O$12,4,'Risk Assessment'!$P$3:$P$12,2) -> 0 | E16: =COUNTIFS('Risk Assessment'!$O$3:$O$12,4,'Risk Assessment'!$P$3:$P$12,3) -> 0 | F16: =COUNTIFS('Risk Assessment'!$O$3:$O$12,4,'Risk Assessment'!$P$3:$P$12,4) -> 0 | G16: =COUNTIFS('Risk Assessment'!$O$3:$O$12,4,'Risk Assessment'!$P$3:$P$12,5) -> 0
B17: 3 | C17: =COUNTIFS('Risk Assessment'!$O$3:$O$12,3,'Risk Assessment'!$P$3:$P$12,1) -> 0 | D17: =COUNTIFS('Risk Assessment'!$O$3:$O$12,3,'Risk Assessment'!$P$3:$P$12,2) -> 0 | E17: =COUNTIFS('Risk Assessment'!$O$3:$O$12,3,'Risk Assessment'!$P$3:$P$12,3) -> 0 | F17: =COUNTIFS('Risk Assessment'!$O$3:$O$12,3,'Risk Assessment'!$P$3:$P$12,4) -> 0 | G17: =COUNTIFS('Risk Assessment'!$O$3:$O$12,3,'Risk Assessment'!$P$3:$P$12,5) -> 0
B18: 2 | C18: =COUNTIFS('Risk Assessment'!$O$3:$O$12,2,'Risk Assessment'!$P$3:$P$12,1) -> 0 | D18: =COUNTIFS('Risk Assessment'!$O$3:$O$12,2,'Risk Assessment'!$P$3:$P$12,2) -> 2 | E18: =COUNTIFS('Risk Assessment'!$O$3:$O$12,2,'Risk Assessment'!$P$3:$P$12,3) -> 2 | F18: =COUNTIFS('Risk Assessment'!$O$3:$O$12,2,'Risk Assessment'!$P$3:$P$12,4) -> 1 | G18: =COUNTIFS('Risk Assessment'!$O$3:$O$12,2,'Risk Assessment'!$P$3:$P$12,5) -> 0
B19: 1 | C19: =COUNTIFS('Risk Assessment'!$O$3:$O$12,1,'Risk Assessment'!$P$3:$P$12,1) -> 0 | D19: =COUNTIFS('Risk Assessment'!$O$3:$O$12,1,'Risk Assessment'!$P$3:$P$12,2) -> 2 | E19: =COUNTIFS('Risk Assessment'!$O$3:$O$12,1,'Risk Assessment'!$P$3:$P$12,3) -> 2 | F19: =COUNTIFS('Risk Assessment'!$O$3:$O$12,1,'Risk Assessment'!$P$3:$P$12,4) -> 1 | G19: =COUNTIFS('Risk Assessment'!$O$3:$O$12,1,'Risk Assessment'!$P$3:$P$12,5) -> 0

Sheet Test Results
A1: Test ID | B1: Rule | C1: Test description | D1: Query | E1: Population | F1: Population size | G1: Exceptions | H1: Exception rate | I1: Amount affected (KRW) | J1: Individuals involved | K1: Notes
A2: T1 | B2: R1 | C2: Claim approved by the person who recorded the shipment as LOST/DAMAGED | D2: T1 | E2: All claims | F2: 85 | G2: 15 | H2: =IFERROR(G2/F2,0) -> 0.17647059 | I2: 11817600 | J2: E007 (14), E008 (1) | K2: E008 instance is a single low-value DAMAGED claim (142,100).
A3: T2 | B3: R2 | C3: Non-manager approvals at 90–100% of the limit in effect at approval | D3: T2 | E3: Approved claims, non-manager approvers | F3: 36 | G3: 11 | H3: =IFERROR(G3/F3,0) -> 0.30555556 | I3: 8121500 | J3: E007 (9), E008 (2) | K3: E007: 40.9% of own approvals near limit vs 14.3% for peer. Pattern moved with the limit change.
A4: T3 | B4: R3 | C4: More than one paid claim on the same shipment | D4: T3 | E4: Shipments with at least one claim | F4: 82 | G4: 2 | H4: =IFERROR(G4/F4,0) -> 0.024390244 | I4: 945700 | J4: E007 | K4: 3 shipments had duplicates. 1 duplicate (E004) was rejected by the Ops Manager – control operated; excluded from exceptions.
A5: T4 | B5: R4 | C5: LOST claim on a shipment with proof of delivery | D5: T4 | E5: Claims with claim_type = LOST | F5: 43 | G5: 4 | H5: =IFERROR(G5/F5,0) -> 0.093023256 | I5: 2317300 | J5: E007 | K5: 4 claims on 3 shipments. Status history shows DELIVERED followed by LOST.
A6: T5 | B6: R5 | C6: LOST/DAMAGED exception registered and closed by the same person within 24h | D6: T5 | E6: Closed exceptions | F6: 192 | G6: 11 | H6: =IFERROR(G6/F6,0) -> 0.057291667 | I6: 0 | J6: E007 | K6: Query returns 17; 6 low-risk (DELAY / ADDRESS_CORRECTION) self-closures by CS staff reported as an observation only.
A7: T6 | B7: R6 | C7: Inventory adjustment unapproved, self-approved, or approved below required authority | D7: T6 | E7: All inventory adjustments | F7: 214 | G7: 11 | H7: =IFERROR(G7/F7,0) -> 0.051401869 | I7: 29531100 | J7: E009 (all), E011 (3) | K7: 5 no approval, 3 self-approved, 3 ≥ 1,000,000 approved by Warehouse Lead instead of Ops Manager.
A8: T7a | B8: R7 | C8: LOST/DAMAGED status change on weekend or outside 08:00–19:00 | D8: T7a | E8: LOST/DAMAGED status records | F8: 91 | G8: 5 | H8: =IFERROR(G8/F8,0) -> 0.054945055 | I8: 0 | J8: E007 | K8: All between 22:00 and 23:00. Public holidays not considered (limitation).
A9: T7b | B9: R7 | C9: DELIVERED status with no proof of delivery | D9: T7b | E9: DELIVERED status records | F9: 2679 | G9: 28 | H9: =IFERROR(G9/F9,0) -> 0.010451661 | I9: 0 | J9: E008 | K9: All 28 entered in 8 minutes on 2026-03-31 (quarter end). No payout involved.
A10: T8a | B10: R8 | C10: Configuration change without an approved change ticket | D10: T8a | E10: Configuration history records | F10: 5 | G10: 1 | H10: =IFERROR(G10/F10,0) -> 0.2 | I10: 0 | J10: E007 | K10: CFG-004: approval limit 500,000 → 2,000,000 on 2026-02-16 22:41 (public holiday). Reverted by IT on 2026-03-23.
A11: T8b | B11: R2, R8 | C11: Claims above the authorized 500,000 limit approved by non-managers during the unauthorized window | D11: T8b | E11: Non-manager approvals during window | F11: 16 | G11: 6 | H11: =IFERROR(G11/F11,0) -> 0.375 | I11: 8066200 | J11: E007 (5), E008 (1) | K11: E008 claim (680,000) likely approved in good faith under the altered setting.
A12: A1 | B12: – | C12: Customers receiving T1 claims onboarded by an employee involved in those claims | D12: T10 | E12: Customers with T1 claims | F12: 5 | G12: 1 | H12: =IFERROR(G12/F12,0) -> 0.2 | I12: 4470400 | J12: E007 | K12: CUST-024 onboarded by E007 on 2025-12-29 19:47. Customer master is normally maintained by CS Lead.
A14: Note: amounts overlap across tests (the same claim can fail several tests) and must not be added together. Source: query results from queries.sql run against haneul_logistics_audit.db.
A15: Tests with exceptions | C15: =COUNTIF(G2:G12,">0") -> 11
A16: Total exceptions (count) | C16: =SUM(G2:G12) -> 95

Sheet RCM
A1: Control ID | B1: Risk ID | C1: Control objective | D1: Control description | E1: Control owner | F1: Type | G1: Nature | H1: Frequency | I1: Key control | J1: Design assessment | K1: Test ID | L1: Test procedure | M1: Population size | N1: Exceptions | O1: Test result | P1: Finding
A2: C-01 | B2: R-01 | C2: Claims are approved by someone independent of the person who recorded the loss or damage. | D2: System prevents the user who recorded a LOST/DAMAGED status from approving the related claim. | E2: Operations Manager | F2: Preventive | G2: Automated | H2: Per transaction | I2: Yes | J2: Design deficiency | K2: T1 | L2: Join claims to the status audit trail on shipment_id. Identify claims where the LOST/DAMAGED recorder equals the approver. | M2: =INDEX('Test Results'!$F$2:$F$12,MATCH(K2,'Test Results'!$A$2:$A$12,0)) -> 85 | N2: =INDEX('Test Results'!$G$2:$G$12,MATCH(K2,'Test Results'!$A$2:$A$12,0)) -> 15 | O2: =IF(J2="Not designed","Control gap",IF(N2=0,"Effective","Ineffective")) -> Ineffective | P2: F1
A3: C-02 | B3: R-02 | C3: Claims above the non-manager limit are approved by the Operations Manager. | D3: System routes claims above CLAIM_APPROVAL_LIMIT_NON_MANAGER to the Operations Manager. | E3: Operations Manager | F3: Preventive | G3: Automated | H3: Per transaction | I3: Yes | J3: Designed | K3: T2 | L3: Join each approved claim to the limit in effect at approval time. Identify non-manager approvals at 90–100% of that limit and compare rates by approver. | M3: =INDEX('Test Results'!$F$2:$F$12,MATCH(K3,'Test Results'!$A$2:$A$12,0)) -> 36 | N3: =INDEX('Test Results'!$G$2:$G$12,MATCH(K3,'Test Results'!$A$2:$A$12,0)) -> 11 | O3: =IF(J3="Not designed","Control gap",IF(N3=0,"Effective","Ineffective")) -> Ineffective | P3: F1, F2
A4: C-03 | B4: R-03 | C4: Each shipment is compensated only once. | D4: Approver checks for existing claims on the shipment before approval. | E4: Claim approver | F4: Preventive | G4: Manual | H4: Per transaction | I4: Yes | J4: Designed | K4: T3 | L4: Group claims by shipment_id. Identify shipments with more than one paid claim. Inspect status of each duplicate. | M4: =INDEX('Test Results'!$F$2:$F$12,MATCH(K4,'Test Results'!$A$2:$A$12,0)) -> 82 | N4: =INDEX('Test Results'!$G$2:$G$12,MATCH(K4,'Test Results'!$A$2:$A$12,0)) -> 2 | O4: =IF(J4="Not designed","Control gap",IF(N4=0,"Effective","Ineffective")) -> Ineffective | P4: F1
A5: C-04 | B5: R-04 | C5: LOST claims are paid only for shipments not delivered. | D5: Approver confirms no proof of delivery exists before approving a LOST claim. | E5: Claim approver | F5: Preventive | G5: IT-dependent manual | H5: Per transaction | I5: Yes | J5: Designed | K5: T4 | L5: Join LOST claims to proof_of_delivery. Identify claims where a POD exists. Walk through status history for each. | M5: =INDEX('Test Results'!$F$2:$F$12,MATCH(K5,'Test Results'!$A$2:$A$12,0)) -> 43 | N5: =INDEX('Test Results'!$G$2:$G$12,MATCH(K5,'Test Results'!$A$2:$A$12,0)) -> 4 | O5: =IF(J5="Not designed","Control gap",IF(N5=0,"Effective","Ineffective")) -> Ineffective | P5: F1
A6: C-05 | B6: R-05 | C6: LOST/DAMAGED exceptions are reviewed by someone other than the registrant. | D6: Exceptions of type LOST or DAMAGED are closed by the Operations Manager or another coordinator. | E6: Operations Manager | F6: Preventive | G6: Manual | H6: Per transaction | I6: Yes | J6: Designed | K6: T5 | L6: Identify exceptions where registered_by = closed_by and time to close ≤ 24h. Classify by exception type. | M6: =INDEX('Test Results'!$F$2:$F$12,MATCH(K6,'Test Results'!$A$2:$A$12,0)) -> 192 | N6: =INDEX('Test Results'!$G$2:$G$12,MATCH(K6,'Test Results'!$A$2:$A$12,0)) -> 11 | O6: =IF(J6="Not designed","Control gap",IF(N6=0,"Effective","Ineffective")) -> Ineffective | P6: F1
A7: C-06 | B7: R-06 | C7: Inventory write-offs are authorized before posting. | D7: Adjustments require approval by someone other than the adjuster; adjustments ≥ 1,000,000 KRW require the Operations Manager. | E7: Warehouse Lead / Operations Manager | F7: Preventive | G7: Manual | H7: Per transaction | I7: Yes | J7: Designed | K7: T6 | L7: Calculate adjustment value (qty × unit cost). Identify unapproved, self-approved, and under-authorized adjustments. | M7: =INDEX('Test Results'!$F$2:$F$12,MATCH(K7,'Test Results'!$A$2:$A$12,0)) -> 214 | N7: =INDEX('Test Results'!$G$2:$G$12,MATCH(K7,'Test Results'!$A$2:$A$12,0)) -> 11 | O7: =IF(J7="Not designed","Control gap",IF(N7=0,"Effective","Ineffective")) -> Ineffective | P7: F3
A8: C-07 | B8: R-07 | C8: Unusual changes to shipment status are detected and reviewed. | D8: No control in place. Proposed: weekly review of LOST/DAMAGED status changes made outside business hours or by non-dispatch staff. | E8: Operations Manager (proposed) | F8: Detective | G8: Manual | H8: Weekly | I8: Yes | J8: Not designed | K8: T7a | L8: Identify LOST/DAMAGED status changes on weekends or outside 08:00–19:00. | M8: =INDEX('Test Results'!$F$2:$F$12,MATCH(K8,'Test Results'!$A$2:$A$12,0)) -> 91 | N8: =INDEX('Test Results'!$G$2:$G$12,MATCH(K8,'Test Results'!$A$2:$A$12,0)) -> 5 | O8: =IF(J8="Not designed","Control gap",IF(N8=0,"Effective","Ineffective")) -> Control gap | P8: F1
A9: C-08 | B9: R-08 | C9: Delivery status is supported by evidence. | D9: System requires a POD record before a shipment can be set to DELIVERED. | E9: Dispatch | F9: Preventive | G9: Automated | H9: Per transaction | I9: Yes | J9: Design deficiency | K9: T7b | L9: Identify DELIVERED records with no POD. Group by user and hour to detect bulk updates. | M9: =INDEX('Test Results'!$F$2:$F$12,MATCH(K9,'Test Results'!$A$2:$A$12,0)) -> 2679 | N9: =INDEX('Test Results'!$G$2:$G$12,MATCH(K9,'Test Results'!$A$2:$A$12,0)) -> 28 | O9: =IF(J9="Not designed","Control gap",IF(N9=0,"Effective","Ineffective")) -> Ineffective | P9: F4
A10: C-09 | B10: R-09 | C10: Configuration changes are authorized, tested, and made by IT. | D10: Changes to system parameters require an approved change ticket and are made only by the IT Administrator. | E10: IT Administrator | F10: Preventive | G10: Manual | H10: Per change | I10: Yes | J10: Designed | K10: T8a | L10: Identify configuration records with no ticket or ticket approval. Quantify claims approved above the authorized limit while the change was active (T8b). | M10: =INDEX('Test Results'!$F$2:$F$12,MATCH(K10,'Test Results'!$A$2:$A$12,0)) -> 5 | N10: =INDEX('Test Results'!$G$2:$G$12,MATCH(K10,'Test Results'!$A$2:$A$12,0)) -> 1 | O10: =IF(J10="Not designed","Control gap",IF(N10=0,"Effective","Ineffective")) -> Ineffective | P10: F2
A11: C-10 | B11: R-10 | C11: Customer master records are created independently of claim processing. | D11: New customers are created by the CS Lead and reviewed monthly by the Operations Manager. | E11: CS Lead | F11: Preventive | G11: Manual | H11: Per change | I11: No | J11: Designed | K11: A1 | L11: For customers receiving T1 claims, identify who onboarded the customer and when. | M11: =INDEX('Test Results'!$F$2:$F$12,MATCH(K11,'Test Results'!$A$2:$A$12,0)) -> 5 | N11: =INDEX('Test Results'!$G$2:$G$12,MATCH(K11,'Test Results'!$A$2:$A$12,0)) -> 1 | O11: =IF(J11="Not designed","Control gap",IF(N11=0,"Effective","Ineffective")) -> Ineffective | P11: F1
A13: Design assessment: Designed = control exists as described · Design deficiency = system does not enforce the control · Not designed = no control exists (gap).
A14: Test result is a formula: Control gap if not designed, otherwise Ineffective if any exception exists.
A16: Summary
B17: Effective | C17: =COUNTIF(O2:O11,B17) -> 0
B18: Ineffective | C18: =COUNTIF(O2:O11,B18) -> 9
B19: Control gap | C19: =COUNTIF(O2:O11,B19) -> 1

Sheet Findings
A1: Ref | B1: Finding | C1: Rating | D1: Risks | E1: Controls | F1: Tests | G1: Amount (KRW) | H1: Individuals | I1: Key recommendation | J1: Owner | K1: Target date
A2: F1 | B2: Single-person control over the loss-claim cycle | C2: High | D2: R-01–R-05, R-07, R-10 | E2: C-01, C-02, C-03, C-04, C-05, C-07, C-10 | F2: T1, T2, T3, T4, T5, T7a, A1 | G2: 11675500 | H2: E007 | I2: Refer 14 claims for investigation. Block same-user recording and approval in the system. Require POD and duplicate checks before approval. Monthly manager review of coordinator-approved claims. | J2: Operations Manager | K2: 2026-05-31
A3: F2 | B3: Unauthorized change to the claim approval limit | C3: High | D3: R-02, R-09 | E3: C-02, C-09 | F3: T8a, T8b | G3: 8066200 | H3: E007, E008 | I3: Remove configuration rights from operations roles. Enforce ticket approval for all parameter changes. Alert IT on any change to approval parameters. | J3: IT Administrator | K3: 2026-04-30
A4: F3 | B4: Inventory write-offs without effective approval | C4: High | D4: R-06 | E4: C-06 | F4: T6 | G4: 29531100 | H4: E009, E011 | I4: Physically verify the 11 written-off items. Configure approval-before-posting workflow with automatic routing above threshold and self-approval block. | J4: Operations Manager | K4: 2026-05-31
A5: F4 | B5: Bulk DELIVERED updates without proof of delivery | C5: Medium | D5: R-08 | E5: C-08 | F5: T7b | G5: 0 | H5: E008 | I5: Confirm actual delivery of the 28 shipments. Require POD before DELIVERED status. Add exception report to quarter-end KPI sign-off. | J5: Dispatch / Operations Manager | K5: 2026-06-30
A6: O1 | B6: Low-risk exceptions self-closed by CS staff (observation) | C6: Low | D6: R-05 | E6: C-05 | F6: T5 | G6: 0 | H6: E003, E004, E006 | I6: Formalize policy allowing self-closure for DELAY and ADDRESS_CORRECTION only. | J6: CS Lead | K6: 2026-06-30
A8: Target dates are illustrative (fictional scenario). F1 amount covers E007's 14 claims; one additional low-value SoD instance (142,100) by another coordinator is noted in the report. F1 and F2 amounts partly overlap.
A10: Findings by rating
B11: High | C11: =COUNTIF(C$2:C$6,B11) -> 3
B12: Medium | C12: =COUNTIF(C$2:C$6,B12) -> 1
B13: Low | C13: =COUNTIF(C$2:C$6,B13) -> 1
